<?xml version="1.0" encoding="UTF-8"?>
<project-private xmlns="http://www.netbeans.org/ns/project-private/1">
    <editor-bookmarks xmlns="http://www.netbeans.org/ns/editor-bookmarks/2" lastBookmarkId="0"/>
    <open-files xmlns="http://www.netbeans.org/ns/projectui-open-files/2">
        <group>
            <file>file:/C:/Users/joaop/OneDrive/Documentos/GitHub/ProjetoPoo/ProjetoFinal/src/CodTrabalho/JanelaPrincipal.java</file>
            <file>file:/C:/Users/joaop/OneDrive/Documentos/GitHub/ProjetoPoo/ProjetoFinal/src/CodTrabalho/TelaCadastroPlano.java</file>
            <file>file:/C:/Users/joaop/OneDrive/Documentos/GitHub/ProjetoPoo/ProjetoFinal/src/CodTrabalho/JanelaSolicitacao.java</file>
            <file>file:/C:/Users/joaop/OneDrive/Documentos/GitHub/ProjetoPoo/ProjetoFinal/src/CodTrabalho/Main.java</file>
            <file>file:/C:/Users/joaop/OneDrive/Documentos/GitHub/ProjetoPoo/ProjetoFinal/src/CodTrabalho/JanelaCadastro.java</file>
            <file>file:/C:/Users/joaop/OneDrive/Documentos/GitHub/ProjetoPoo/ProjetoFinal/src/CodTrabalho/TelaCentral.java</file>
            <file>file:/C:/Users/joaop/OneDrive/Documentos/GitHub/ProjetoPoo/ProjetoFinal/src/CodTrabalho/Imovel.java</file>
            <file>file:/C:/Users/joaop/OneDrive/Documentos/GitHub/ProjetoPoo/ProjetoFinal/src/CodTrabalho/TelaCentralF.java</file>
            <file>file:/C:/Users/joaop/OneDrive/Documentos/GitHub/ProjetoPoo/ProjetoFinal/src/CodTrabalho/JanelaCadastroPlano.java</file>
        </group>
    </open-files>
</project-private>
